,College_Name,State,,
0,Indian Institute of Technology Madras ,Tamil nadu,,
1,"College of Engineering, Anna University ",Tamil nadu,,
2,"NIT Trichy, Tiruchirappalli ",Tamil nadu,,
3,Vellore Institute of Technology ,Tamil nadu,,
4,"SRM Engineering College, Kanchipuram ",Tamil nadu,,
5,SSN College of Engineering ,Tamil nadu,,
6,"SASTRA University, Thanjavur ",Tamil nadu,,
7,P.S.G College of Technology ,Tamil nadu,,
8,Thiagarajar College of Engineering ,Tamil nadu,,
9,Coimbatore Institute of Technology ,Tamil nadu,,
10,Karunya Institute of Technology and Sciences ,Tamil nadu,,
11,Kumaraguru College of Technology ,Tamil nadu,,
12,"VEL Tech, Chennai ",Tamil nadu,,
13,"Mepco Schlenk Engineering College, Sivakasi ",Tamil nadu,,
14,Government College of Technology ,Tamil nadu,,
15,Hindustan Institute of Technology and Science ,Tamil nadu,,
16,Sri Krishna College of Engineering and Technology ,Tamil nadu,,
17,Kongu Engineering College ,Tamil nadu,,
18,Bannari Amman Institute of Technology ,Tamil nadu,,
19,"Sona College of Technology, Salem ",Tamil nadu,,
20,Tamil Nadu Veterinary and Animal Sciences University ,Tamil nadu,,
21,"St. Joseph College Of Engineering, Kanchipuram ",Tamil nadu,,
22,Saveetha Engineering College ,Tamil nadu,,
23,"Sri Sairam Engineering College, Chennai ",Tamil nadu,,
24,B.S. Abdur Rahman Crescent Institute of Science ,Tamil nadu,,
25,Sri Ramakrishna Engineering College ,Tamil nadu,,
26,Rajalakshmi Engineering College ,Tamil nadu,,
27,Sri Venkateswara College of Engineering ,Tamil nadu,,
28,IIT Bombay ,Maharashtra,,
29,Institute of Chemical Technology ,Maharashtra,,
30,Visvesvaraya National Institute of Technology ,Maharashtra,,
31,College of Engineering ,Maharashtra,,
32,Defence Institute of Advanced Technology ,Maharashtra,,
33,National Institute of Industrial Engineering ,Maharashtra,,
34,Army Institute of Technology ,Maharashtra,,
35,Bharati Vidyapeeth Deemed University ,Maharashtra,,
36,Veermata Jijabai Technological Institute ,Maharashtra,,
37,GH Raisoni College of Engineering ,Maharashtra,,
38,Mukesh Patel School of Technology Management and ,Maharashtra,,
39,Sardar Patel Institute of Technology ,Maharashtra,,
40,Shri Ramdeobaba College of Engineering and Management ,Maharashtra,,
41,Rashtrasant Tukadoji Maharaj Nagpur University ,Maharashtra,,
42,Yeshwantrao Chavan College of Engineering ,Maharashtra,,
43,Walchand College of Engineering ,Maharashtra,,
44,MIT World Peace University ,Maharashtra,,
45,Vishwakarma Institute of Information Technology ,Maharashtra,,
46,Ramrao Adik Institute of Technology ,Maharashtra,,
47,Sardar Patel College of Engineering ,Maharashtra,,
48,K. J. Somaiya College of Engineering ,Maharashtra,,
49,Pimpri Chinchwad College of Engineering ,Maharashtra,,
50,"MKSSS's Cummins College of Engineering for Women, ",Maharashtra,,
51,Dwarkadas J Sanghvi College of Engineering ,Maharashtra,,
52,Thakur College of Engineering and Technology ,Maharashtra,,
53,SVKM's Narsee Monjee Institute of Management Studies ,Maharashtra,,
54,"Amity University, Mumbai ",Maharashtra,,
55,"Vishwakarma Institute of Technology, Pune ",Maharashtra,,
56,Indian Institute of Information Technology ,Maharashtra,,
57,Tata Institute of Social Sciences ,Maharashtra,,
58,Indian Institute of Technology ,Uttar pradesh,,
59,Indian Institute of Technology ,Uttar pradesh,,
60,"Amity University, Noida ",Uttar pradesh,,
61,Aligarh Muslim University ,Uttar pradesh,,
62,MNNIT Allahabad ,Uttar pradesh,,
63,Jaypee Institute of Information Technology University ,Uttar pradesh,,
64,Indian Institute of Information Technology ,Uttar pradesh,,
65,"Dayalbagh Educational Institute Faculty of Engineering, Agra ",Uttar pradesh,,
66,Sharda University ,Uttar pradesh,,
67,Galgotias University ,Uttar pradesh,,
68,"Bennett University, Greater Noida ",Uttar pradesh,,
69,Shiv Nadar University ,Uttar pradesh,,
70,"Integral University, Lucknow ",Uttar pradesh,,
71,J.S. University ,Uttar pradesh,,
72,"GLA University, Mathura ",Uttar pradesh,,
73,Institute of Engineering and Technology ,Uttar pradesh,,
74,Sanskriti University ,Uttar pradesh,,
75,"Monad University, Hapur ",Uttar pradesh,,
76,Indian Institute of Information Technology ,Uttar pradesh,,
77,"IFTM University, Moradabad ",Uttar pradesh,,
78,"Shobhit University, Meerut ",Uttar pradesh,,
79,"Glocal University, Saharanpur ",Uttar pradesh,,
80,"Rama University, Kanpur ",Uttar pradesh,,
81,Noida Institute of Engineering and Technology ,Uttar pradesh,,
82,"ABES Engineering College, Ghaziabad ",Uttar pradesh,,
83,Bundelkhand Institute of Engineering & Technology ,Uttar pradesh,,
84,Harcourt Butler Technological University ,Uttar pradesh,,
85,Rajiv Gandhi Institute of Petroleum Technology ,Uttar pradesh,,
86,Indian Institute of Technology ,Delhi ncr,,
87,"Jamia Millia Islamia University-[JMI], New Delhi ",Delhi ncr,,
88,Delhi Technological University ,Delhi ncr,,
89,"Amity University, Noida ",Delhi ncr,,
90,Indraprastha Institute of Information Technology ,Delhi ncr,,
91,Guru Gobind Singh Indraprastha University ,Delhi ncr,,
92,Jaypee Institute of Information Technology University ,Delhi ncr,,
93,National Institute of Food Technology Entrepreneurship and ,Delhi ncr,,
94,"School of Engineering and Technology, NCU ",Delhi ncr,,
95,"J.C. Bose University Of Science And Technology, ",Delhi ncr,,
96,Indira Gandhi Delhi Technical University For Women ,Delhi ncr,,
97,Manav Rachna International Institute Of Research And ,Delhi ncr,,
98,Sharda University ,Delhi ncr,,
99,Galgotias University ,Delhi ncr,,
100,Netaji Subhas University of Technology ,Delhi ncr,,
101,Shiv Nadar University ,Delhi ncr,,
102,Manav Rachna International Institute of Research and ,Delhi ncr,,
103,National Institute of Technology ,Delhi ncr,,
104,"Gurugram University, Gurgaon ",Delhi ncr,,
105,Chhotu Ram Rural Institute Of Technology ,Delhi ncr,,
106,SunRise University ,Delhi ncr,,
107,"Monad University, Hapur ",Delhi ncr,,
108,"Amity University, Gurgaon ",Delhi ncr,,
109,"Shobhit University, Meerut ",Delhi ncr,,
110,Indraprastha Institute of Technology and Management ,Delhi ncr,,
111,Maharaja Agrasen Institute of Technology ,Delhi ncr,,
112,Maharaja Surajmal Institute of Technology ,Delhi ncr,,
113,Noida Institute of Engineering and Technology ,Delhi ncr,,
114,K L University ,Andhra pradesh,,
115,"Andhra University, College of Engineering ",Andhra pradesh,,
116,"Sri Venkateswara University College of Engineering, Tirupati ",Andhra pradesh,,
117,"Vignan’s Foundation for Science, Technology, and Research, ",Andhra pradesh,,
118,"JNTUK University College of Engineering, Kakinada, East ",Andhra pradesh,,
119,Sree Vidyanikethan Engineering College ,Andhra pradesh,,
120,G. Pulla Reddy Engineering College ,Andhra pradesh,,
121,Sri Venkateswara College of Engineering and Technology ,Andhra pradesh,,
122,Velagapudi Ramakrishna Siddhartha Engineering College ,Andhra pradesh,,
123,Shri Vishnu Engineering College for Women ,Andhra pradesh,,
124,"JNTUA College of Engineering, Ananthapur ",Andhra pradesh,,
125,Sagi Ramakrishnam Raju Engineering College ,Andhra pradesh,,
126,Gayatri Vidya Parishad College of Engineering ,Andhra pradesh,,
127,Jawaharlal Nehru Technological University ,Andhra pradesh,,
128,Indian Institute of Technology ,Andhra pradesh,,
129,Prasad V. Potluri Siddhartha Institute of Technology ,Andhra pradesh,,
130,Centurion University of Technology and Management ,Andhra pradesh,,
131,Aditya Engineering College ,Andhra pradesh,,
132,Bapatla Engineering College ,Andhra pradesh,,
133,Gudlavalleru Engineering College ,Andhra pradesh,,
134,Sri Venkateswara College of Engineering ,Andhra pradesh,,
135,Sri Vasavi Engineering College ,Andhra pradesh,,
136,Indian Institute of Information Technology Sri City ,Andhra pradesh,,
137,National Institute of Technology ,Andhra pradesh,,
138,"Rajiv Gandhi University of Knowledge Technologies -[RGUKT], ",Andhra pradesh,,
139,Raghu Engineering College ,Andhra pradesh,,
140,Indian Institute of Information Technology Design and ,Andhra pradesh,,
141,Rajeev Gandhi Memorial College of Engineering and ,Andhra pradesh,,
142,VIT University ,Andhra pradesh,,
143,National Institute of Technology ,Karnataka,,
144,Manipal Institute of Technology ,Karnataka,,
145,R V College of Engineering ,Karnataka,,
146,Ramaiah Institute of Technology ,Karnataka,,
147,International Institute of Information Technology ,Karnataka,,
148,BMS College of Engineering ,Karnataka,,
149,Siddaganga Institute of Technology ,Karnataka,,
150,New Horizon College of Engineering ,Karnataka,,
151,"Faculty of Engineering and Technology, Jain University ",Karnataka,,
152,Sri Jayachamarajendra College of Engineering ,Karnataka,,
153,Dayananda Sagar College of Engineering ,Karnataka,,
154,NMAM Institute of Technology ,Karnataka,,
155,Nitte Meenakshi Institute of Technology ,Karnataka,,
156,PES University ,Karnataka,,
157,BMS Institute of Technology and Management ,Karnataka,,
158,"KLE Technological University, Hubli ",Karnataka,,
159,Dr. Ambedkar Institute of Technology ,Karnataka,,
160,PES College of Engineering ,Karnataka,,
161,CMR Institute of Technology ,Karnataka,,
162,The National Institute of Engineering ,Karnataka,,
163,"Alliance College of Engineering and Design, Bangalore ",Karnataka,,
164,Basaveshwar Engineering College ,Karnataka,,
165,"Christ University, Bangalore ",Karnataka,,
166,Manipal Academy of Higher Education ,Karnataka,,
167,Indian Institute of Science ,Karnataka,,
168,"REVA University, Bangalore ",Karnataka,,
169,"Alliance University, Bangalore ",Karnataka,,
170,"Presidency University, Bangalore ",Karnataka,,
171,Indian Institute of Technology ,Telangana,,
172,National Institute of Technology ,Telangana,,
173,International Institute of Information Technology ,Telangana,,
174,Jawaharlal Nehru Technological University ,Telangana,,
175,"University College of Engineering, Osmania University ",Telangana,,
176,Chaitanya Bharathi Institute of Technology ,Telangana,,
177,Vallurupalli Nageswara Rao Vignana Jyothi Institute of ,Telangana,,
178,"CVR College of Engineering, Ibrahimpatnam, Rangareddi ",Telangana,,
179,Institute of Aeronautical Engineering ,Telangana,,
180,BV Raju Institute of Technology ,Telangana,,
181,Vardhaman College of Engineering ,Telangana,,
182,"Anurag University, Hyderabad ",Telangana,,
183,Vasavi College of Engineering ,Telangana,,
184,Gokaraju Rangaraju Institute of Engineering and Technology ,Telangana,,
185,Kakatiya Institute of Technology & Science ,Telangana,,
186,K L University ,Telangana,,
187,Birla Institute of Technology and Science ,Telangana,,
188,Mahatma Gandhi Institute of Technology ,Telangana,,
189,Malla Reddy Engineering College ,Telangana,,
190,Malla Reddy College of Engineering ,Telangana,,
191,Indian Institute of Chemical Technology ,Telangana,,
192,Sreenidhi Institute of Science and Technology ,Telangana,,
193,"Mahindra University, Hyderabad ",Telangana,,
194,"St Martin's Engineering College, Secunderabad ",Telangana,,
195,MLR Institute of Technology ,Telangana,,
196,Keshav Memorial Institute of Technology ,Telangana,,
197,Vaagdevi College of Engineering ,Telangana,,
198,CMR Engineering College ,Telangana,,
199,"Matrusri Engineering College, Hyderabad ",Telangana,,
200,Indian Institute of Technology ,Madhya pradesh,,
201,Maulana Azad National Institute of Technology ,Madhya pradesh,,
202,Indian Institute of Information Technology Design and ,Madhya pradesh,,
203,Atal Bihari Vajpayee Indian Institute of Information ,Madhya pradesh,,
204,"VIT Bhopal University, Bhopal ",Madhya pradesh,,
205,"RKDF University, Bhopal ",Madhya pradesh,,
206,Awadhesh Pratap Singh University ,Madhya pradesh,,
207,"University Institute of Technology, Rajiv Gandhi Proudyogiki ",Madhya pradesh,,
208,Institute of Information Technology & Management ,Madhya pradesh,,
209,"Institute of Engineering and Technology, Devi Ahilya ",Madhya pradesh,,
210,Acropolis Institute of Technology & Research ,Madhya pradesh,,
211,"Indian Institute of Information Technology -[IIIT], Bhopal ",Madhya pradesh,,
212,Jaypee University of Engineering and Technology ,Madhya pradesh,,
213,Oriental University ,Madhya pradesh,,
214,"Amity University, Gwalior ",Madhya pradesh,,
215,AKS University ,Madhya pradesh,,
216,Jagran Lakecity University ,Madhya pradesh,,
217,Jabalpur Engineering College ,Madhya pradesh,,
218,"Swami Vivekanand University, Sagar ",Madhya pradesh,,
219,"Acropolis Group of Institutions, Indore ",Madhya pradesh,,
220,LNCT University ,Madhya pradesh,,
221,"Avantika University, Ujjain ",Madhya pradesh,,
222,Ujjain Engineering College ,Madhya pradesh,,
223,Shri Govindram Seksaria Institute of Technology and ,Madhya pradesh,,
224,Lakshmi Narain College of Technology ,Madhya pradesh,,
225,National Institute of Technology ,Kerala,,
226,Indian Institute of Space Science and Technology ,Kerala,,
227,"College of Engineering, Trivandrum ",Kerala,,
228,"Cochin University of Science and Technology, School ",Kerala,,
229,Baselios Thomas I Catholicose College of Engineering ,Kerala,,
230,Cochin University of Science and Technology ,Kerala,,
231,Indian Institute of Technology ,Kerala,,
232,APJ Abdul Kalam Technological University ,Kerala,,
233,Federal Institute of Science and Technology ,Kerala,,
234,"Indian Institute of Information Technology [IIIT], Kottayam ",Kerala,,
235,Government Engineering College ,Kerala,,
236,National Institute of Electronics & Information Technology ,Kerala,,
237,TKM College of Engineering ,Kerala,,
238,Amal Jyothi College of Engineering ,Kerala,,
239,Hindustan College of Engineering ,Kerala,,
240,Marian Engineering College ,Kerala,,
241,"Saintgits College of Engineering, Kottayam ",Kerala,,
242,Rajiv Gandhi Institute of Technology ,Kerala,,
243,Mangalam College of Engineering Ettumanoor ,Kerala,,
244,NSS College of Engineering ,Kerala,,
245,Sree Chitra Thirunal College of Engineering ,Kerala,,
246,"Thejus Engineering College, Thrissur ",Kerala,,
247,Mar Athanasius College of Engineering ,Kerala,,
248,St. Thomas College of Engineering and Technology- ,Kerala,,
249,"College of Engineering Thalassery, Kannur ",Kerala,,
250,"KMCT College of Engineering, Kozhikode ",Kerala,,
251,"MEA Engineering College- [MEAEC], Malappuram ",Kerala,,
252,Rajagiri School of Engineering & Technology ,Kerala,,
253,Sahrdaya College of Engineering ,Kerala,,
254,"Trinity College of Engineering, Trivendrum ",Kerala,,
255,Birla Institute of Technology and Science ,Rajasthan,,
256,Indian Institute of Technology ,Rajasthan,,
257,Malaviya National Institute of Technology ,Rajasthan,,
258,"Singhania University, Jhunjhunu ",Rajasthan,,
259,Jaipur National University ,Rajasthan,,
260,Manipal University ,Rajasthan,,
261,JECRC University ,Rajasthan,,
262,SunRise University ,Rajasthan,,
263,"OPJS University, Churu ",Rajasthan,,
264,"Banasthali Vidyapith, Jaipur ",Rajasthan,,
265,"Amity University, Jaipur ",Rajasthan,,
266,Suresh Gyan Vihar University ,Rajasthan,,
267,IIS (Deemed to be University) ,Rajasthan,,
268,Madhav University ,Rajasthan,,
269,"Jagannath University, Jaipur ",Rajasthan,,
270,Indian Institute of Information Technology ,Rajasthan,,
271,"Tantia University, Sriganganagar ",Rajasthan,,
272,"Pacific University, Udaipur ",Rajasthan,,
273,"Swami Keshvanand Institute of Technology, Management and ",Rajasthan,,
274,Maharana Pratap University of Agriculture and Technology ,Rajasthan,,
275,"Poornima College of Engineering, Jaipur ",Rajasthan,,
276,"Shridhar University, Pilani ",Rajasthan,,
277,"Jaipur Engineering College and Research Centre, Jaipur ",Rajasthan,,
278,Birla Institute of Technology ,Rajasthan,,
279,Institute of Advanced Studies in Education ,Rajasthan,,
280,National Institute of Technology ,Haryana,,
281,Panjab University ,Haryana,,
282,Punjab Engineering College University of Technology ,Haryana,,
283,National Institute of Food Technology Entrepreneurship and ,Haryana,,
284,"University Institute of Engineering, Chandigarh University ",Haryana,,
285,"School of Engineering and Technology, NCU ",Haryana,,
286,"J.C. Bose University Of Science And Technology, ",Haryana,,
287,Manav Rachna International Institute Of Research And ,Haryana,,
288,Manav Rachna International Institute of Research and ,Haryana,,
289,"Gurugram University, Gurgaon ",Haryana,,
290,"PDM University, Bahadurgarh, Bahadurgarh ",Haryana,,
291,"Amity University, Gurgaon ",Haryana,,
292,National Institute of Technical Teachers Training and ,Haryana,,
293,"IILM University, Gurgaon ",Haryana,,
294,"University Institute of Engineering and Technology -[UIET], ",Haryana,,
295,"Starex University, Gurgaon ",Haryana,,
296,Indian Institute of Information Technology ,Haryana,,
297,"SRM University Delhi NCR, Sonepat ",Haryana,,
298,"Lingaya's Vidyapeeth, Faridabad ",Haryana,,
299,Modern Vidya Niketan ,Haryana,,
300,Delhi Technical Campus ,Haryana,,
301,Chandigarh College of Engineering and Technology ,Haryana,,
302,Manav Rachna University ,Haryana,,
303,Seth Jai Parkash Mukand Lal Institute of ,Haryana,,
304,"Sushant University / Ansal University, Gurgaon ",Haryana,,
305,"University Institute of Engineering and Technology, Maharshi ",Haryana,,
306,St. Andrews Institute of Technology and Management ,Haryana,,
307,Indian Institute of Technology ,Gujarat,,
308,Sardar Vallabhbhai National Institute of Technology ,Gujarat,,
309,Dhirubhai Ambani Institute of Information and Communication ,Gujarat,,
310,"Institute of Technology, Nirma University, Ahmedabad ",Gujarat,,
311,"Faculty of Technology and Engineering, Maharaja Sayajirao ",Gujarat,,
312,Nirma University ,Gujarat,,
313,Pandit Deendayal Petroleum University [PDPU] / (Energy ,Gujarat,,
314,"Pandit Deendayal Petroleum University, School of Technology ",Gujarat,,
315,Central Institute of plastics engineering & Technology- ,Gujarat,,
316,Sardar Patel University ,Gujarat,,
317,"CEPT University, Ahmedabad ",Gujarat,,
318,Ganpat University ,Gujarat,,
319,"Indus University, Ahmedabad ",Gujarat,,
320,Navrachana University ,Gujarat,,
321,Indian Institute of Information Technology Vadodara ,Gujarat,,
322,"Uka Tarsadia University, Bardoli ",Gujarat,,
323,"GSFC University, Vadodara ",Gujarat,,
324,"Auro University, Surat ",Gujarat,,
325,L.D. College of Engineering ,Gujarat,,
326,RK University ,Gujarat,,
327,Institute of Infrastructure Technology Research and Management ,Gujarat,,
328,Indian Institute of Information Technology ,Gujarat,,
329,"C. U. Shah University, Wadhwan ",Gujarat,,
330,"P.P. Savani University, Surat ",Gujarat,,
331,Vishwakarma Government Engineering College ,Gujarat,,
332,Dharmsinh Desai University ,Gujarat,,
333,Thapar Institute of Engineering and Technology ,Punjab,,
334,Indian Institute of Technology ,Punjab,,
335,Panjab University ,Punjab,,
336,Punjab Engineering College University of Technology ,Punjab,,
337,I.K. Gujral Punjab Technical University ,Punjab,,
338,Dr BR Ambedkar National Institute of Technology ,Punjab,,
339,"University Institute of Engineering, Chandigarh University ",Punjab,,
340,Sant Longowal Institute of Engineering and Technology ,Punjab,,
341,Chitkara University ,Punjab,,
342,Chandigarh Group of Colleges ,Punjab,,
343,"RIMT University, Gobindgarh ",Punjab,,
344,National Institute of Technical Teachers Training and ,Punjab,,
345,"Guru Kashi University, Bathinda ",Punjab,,
346,"University Institute of Engineering and Technology -[UIET], ",Punjab,,
347,"Rayat Bahra University, Mohali ",Punjab,,
348,"DAV University, Jalandhar ",Punjab,,
349,"Plaksha, Mohali ",Punjab,,
350,Chandigarh Engineering College ,Punjab,,
351,Sant Baba Bhag Singh University ,Punjab,,
352,Chandigarh College of Engineering and Technology ,Punjab,,
353,"Global Institute, Amritsar ",Punjab,,
354,"Maharaja Ranjit Singh Punjab Technical University, Bathinda ",Punjab,,
355,Amritsar College of Engineering and Technology ,Punjab,,
356,Guru Nanak Dev Engineering College ,Punjab,,
357,Sri Guru Granth Sahib World University ,Punjab,,
358,Baba Banda Singh Bahadur Engineering College ,Punjab,,
359,Indian Institute of Technology ,West bengal,,
360,Jadavpur University ,West bengal,,
361,Indian Institute of Engineering Science and Technology ,West bengal,,
362,National Institute of Technology ,West bengal,,
363,Institute of Engineering and Management ,West bengal,,
364,Heritage Institute of Technology ,West bengal,,
365,Maulana Abul Kalam Azad University of Technology ,West bengal,,
366,Narula Institute of Technology ,West bengal,,
367,Haldia Institute of Technology ,West bengal,,
368,"Amity University, Kolkata ",West bengal,,
369,"Techno India University, Kolkata ",West bengal,,
370,"Adamas University, Kolkata ",West bengal,,
371,Sister Nivedita University ,West bengal,,
372,Asansol Engineering College ,West bengal,,
373,University of Engineering and Management ,West bengal,,
374,JIS College of Engineering ,West bengal,,
375,Kalyani Government Engineering College ,West bengal,,
376,Indian Institute of Information Technology ,West bengal,,
377,The Neotia University ,West bengal,,
378,Bengal Institute of Technology ,West bengal,,
379,Siliguri Institute of Technology ,West bengal,,
380,"University Institute of Technology, University Of Burdwan ",West bengal,,
381,Jalpaiguri Government Engineering College ,West bengal,,
382,"Techno India Salt Lake, Kolkata ",West bengal,,
383,Bengal College of Engineering and Technology ,West bengal,,
384,Dr. B.C. Roy Engineering College ,West bengal,,
385,Bengal College of Engineering ,West bengal,,
386,Seacom Skills University ,West bengal,,
387,National Institute of Technology ,Orissa,,
388,Indian Institute of Technology ,Orissa,,
389,Institute of Technical Education and Research ,Orissa,,
390,"C. V. Raman Global University, Bhubaneswar ",Orissa,,
391,Veer Surendra Sai University of Technology ,Orissa,,
392,Biju Patnaik University of Technology ,Orissa,,
393,Centurion University of Technology and Management ,Orissa,,
394,International Institute of Information Technology ,Orissa,,
395,"Indira Gandhi Institute of Technology- [IGIT], Dhenkanal ",Orissa,,
396,Silicon Institute of Technology ,Orissa,,
397,Silicon Institute of Technology ,Orissa,,
398,Xavier University ,Orissa,,
399,Bhubaneswar Engineering College ,Orissa,,
400,College of Engineering ,Orissa,,
401,National Institute of Science and Technology ,Orissa,,
402,College of Engineering and Technology ,Orissa,,
403,Gandhi Institute for Technology ,Orissa,,
404,Orissa Engineering College ,Orissa,,
405,Parala Maharaja Engineering College ,Orissa,,
406,"CSIR-Institute of Minerals and Materials Technology -[CSIR-IMMT], ",Orissa,,
407,GITA Autonomous College ,Orissa,,
408,"Seemanta Engineering College, Mayurbhanj ",Orissa,,
409,"Trident Academy of Technology, Bhubaneswar ",Orissa,,
410,"Government College of Engineering, Kendujhar ",Orissa,,
411,CIPET: Centre for Skilling and Technical Support ,Orissa,,
412,"Vignan Institute of Technology And Management, Berhampur ",Orissa,,
413,Krupajal Engineering College ,Orissa,,
414,Indian Institute of Technology ,Uttarakhand,,
415,"Graphic Era University, School of Engineering and ",Uttarakhand,,
416,"College of Technology, GB Pant University of ",Uttarakhand,,
417,University of Petroleum and Energy Studies ,Uttarakhand,,
418,"Doon University, Dehradun ",Uttarakhand,,
419,DIT University ,Uttarakhand,,
420,Graphic Era University ,Uttarakhand,,
421,Graphic Era Hill University ,Uttarakhand,,
422,"ICFAI University, Dehradun ",Uttarakhand,,
423,"MotherHood University, Roorkee ",Uttarakhand,,
424,Himgiri Zee University ,Uttarakhand,,
425,Swami Rama Himalayan University ,Uttarakhand,,
426,"Tula's Institute, Dehradun ",Uttarakhand,,
427,THDC Institute of Hydro Power Engineering and ,Uttarakhand,,
428,College of Engineering ,Uttarakhand,,
429,Shivalik College of Engineering ,Uttarakhand,,
430,Women Institute of Technology ,Uttarakhand,,
431,Indian Institute of Aeronautical Engineering ,Uttarakhand,,
432,Indira Gandhi National Forest Academy ,Uttarakhand,,
433,"Bipin Tripathi Kumaon Institute of Technology, Almora ",Uttarakhand,,
434,Govind Ballabh Pant Engineering College ,Uttarakhand,,
435,BFIT Group of Institutions ,Uttarakhand,,
436,Dev Bhoomi Institute of Technology ,Uttarakhand,,
437,Graphic Era Hill University Bhimtal Campus ,Uttarakhand,,
438,Indian Institute of Technology ,Assam,,
439,National Institute of Technology ,Assam,,
440,Indian Institute of Information Technology ,Assam,,
441,Central Institute of Technology ,Assam,,
442,Assam Don Bosco University ,Assam,,
443,Assam Engineering College ,Assam,,
444,Jorhat Engineering College ,Assam,,
445,Assam Science and Technology University ,Assam,,
446,Assam Down Town University ,Assam,,
447,"Girijananda Chowdhury Institute of Management & Technology, ",Assam,,
448,Assam Engineering Institute ,Assam,,
449,"Bineswar Brahma Engineering College- [BBEC], Kokrajhar ",Assam,,
450,Jorhat Institute of Science and Technology ,Assam,,
451,NETES Institute of Technology and Science ,Assam,,
452,Don Bosco College of Engineering and Technology ,Assam,,
453,"Tezpur University, School of Engineering Tezpur, Sonitpur ",Assam,,
454,Barak Valley Engineering College ,Assam,,
455,Assam Institute of Technology ,Assam,,
456,Royal Global University ,Assam,,
457,Royal School of Engineering and Technology ,Assam,,
458,Scholar's Institute of Technology and Management ,Assam,,
459,"Dibrugarh University, Dibrugarh ",Assam,,
460,Tezpur University ,Assam,,
461,"B. Borooah College, Guwahati ",Assam,,
462,Gauhati University ,Assam,,
463,"Pragjyotish College, Guwahati ",Assam,,
464,"Duliajan College, Dibrugarh ",Assam,,
465,"Assam University, Silchar ",Assam,,
466,Kaziranga University ,Assam,,
467,Dibrugarh Polytechnic ,Assam,,
468,Indian Institute of Technology ,Bihar,,
469,National Institute of Technology ,Bihar,,
470,"Sandip University, Madhuban ",Bihar,,
471,Government Engineering College ,Bihar,,
472,"Amity University, Patna ",Bihar,,
473,Aryabhatta Knowledge University ,Bihar,,
474,Bhagalpur College of Engineering ,Bihar,,
475,Birla Institute of Technology ,Bihar,,
476,"Gaya College of Engineering, Gaya ",Bihar,,
477,Netaji Subhas Institute of Technology ,Bihar,,
478,Muzaffarpur Institute of Technology ,Bihar,,
479,Nalanda College of Engineering ,Bihar,,
480,Bakhtiyarpur College of Engineering ,Bihar,,
481,Darbhanga College of Engineering ,Bihar,,
482,Motihari College of Engineering ,Bihar,,
483,Central Institute of Plastics Engineering and Technology ,Bihar,,
484,Loknayak Jai Prakash Institute Of Technology ,Bihar,,
485,Purnea College of Engineering ,Bihar,,
486,Katihar Engineering College ,Bihar,,
487,Saharsa College of Engineering ,Bihar,,
488,Supaul College of Engineering ,Bihar,,
489,Millia Institute of Technology ,Bihar,,
490,"Sityog Institute of Technology, Aurangabad ",Bihar,,
491,Vidya Vihar Institute of Technology ,Bihar,,
492,Shershah College of Engineering ,Bihar,,
493,"RP Sharma Institute of Technology, Patna ",Bihar,,
494,Sitamarhi Institute of Technology ,Bihar,,
495,Government Engineering College ,Bihar,,
496,Maulana Azad College of Engineering and Technology ,Bihar,,
497,Rashtrakavi Ramdhari Singh Dinkar College of Engineering ,Bihar,,
498,National Institute of Technology ,Chhattisgarh,,
499,Indian Institute of Technology ,Chhattisgarh,,
500,"Amity University, Raipur ",Chhattisgarh,,
501,International Institute of Information Technology ,Chhattisgarh,,
502,"ITM University, Raipur ",Chhattisgarh,,
503,Bhilai Institute of Technology ,Chhattisgarh,,
504,Bhilai Institute of Technology ,Chhattisgarh,,
505,"Govt Engineering College, Bilaspur ",Chhattisgarh,,
506,OP Jindal University ,Chhattisgarh,,
507,Lakhmi Chand Institute of Technology ,Chhattisgarh,,
508,"ICFAI University, Raipur ",Chhattisgarh,,
509,Raipur Institute of Technology ,Chhattisgarh,,
510,Shri Shankaracharya Institute of Professional Management and ,Chhattisgarh,,
511,Chhatrapati Shivaji Institute of Technology ,Chhattisgarh,,
512,Shri Rawatpura Sarkar University ,Chhattisgarh,,
513,Government Engineering College ,Chhattisgarh,,
514,Columbia Institute of Engineering and Technology ,Chhattisgarh,,
515,AAFT University of Media and Arts ,Chhattisgarh,,
516,Chouksey Engineering College ,Chhattisgarh,,
517,Christian College of Engineering and Technology ,Chhattisgarh,,
518,Chhattisgarh Engineering College ,Chhattisgarh,,
519,Disha Institute of Management and Technology ,Chhattisgarh,,
520,Rungta College of Engineering and Technology ,Chhattisgarh,,
521,"Kirodimal Institute of Technology, Raigarh ",Chhattisgarh,,
522,Krishna Engineering College ,Chhattisgarh,,
523,RSR Rungta College of Engineering and Technology ,Chhattisgarh,,
524,Shri Shankaracharya Group of Institutions ,Chhattisgarh,,
525,Indian Institute of Technology ,Jharkhand,,
526,Birla Institute of Technology ,Jharkhand,,
527,National Institute of Technology ,Jharkhand,,
528,Birsa Institute of Technology ,Jharkhand,,
529,"RKDF University, Ranchi ",Jharkhand,,
530,YBN University ,Jharkhand,,
531,Indian Institute of Information Technology ,Jharkhand,,
532,"Sai Nath University, Ranchi ",Jharkhand,,
533,National Institute of Foundry & Forge Technology ,Jharkhand,,
534,"Arka Jain University, Jamshedpur ",Jharkhand,,
535,"Amity University, Ranchi ",Jharkhand,,
536,Jharkhand Rai University ,Jharkhand,,
537,Netaji Subhas University ,Jharkhand,,
538,Radha Govind University ,Jharkhand,,
539,Cambridge Institute of Technology ,Jharkhand,,
540,Sarala Birla University ,Jharkhand,,
541,Birla Institute of Technology Extension Centre ,Jharkhand,,
542,"Chaibasa Engineering College, Techno India Group, Chaibasa ",Jharkhand,,
543,Ramgarh Engineering College ,Jharkhand,,
544,Capital University ,Jharkhand,,
545,RTC Institute of Technology ,Jharkhand,,
546,"University College of Engineering and Technology, Vinoba ",Jharkhand,,
547,RVS College of Engineering and Technology ,Jharkhand,,
548,"KK College of Engineering and Management, Dhanbad ",Jharkhand,,
549,"Ramgovind Institute of Technology, Kodarma ",Jharkhand,,
550,Nilai Institute of Technology ,Jharkhand,,
551,"Maryland Institute of Technology And Management, Jamshedpur ",Jharkhand,,
552,Ramchandra Chandarvansi Institute of Technology ,Jharkhand,,
553,Vidya Memorial Institute of Technology ,Jharkhand,,
554,Indian Institute of Technology ,Himachal pradesh,,
555,National Institute of Technology ,Himachal pradesh,,
556,Jaypee University of Information Technology ,Himachal pradesh,,
557,Indian Institute of Information Technology ,Himachal pradesh,,
558,Baddi University of Emerging Sciences and Technologies ,Himachal pradesh,,
559,Maharishi Markandeshwar ,Himachal pradesh,,
560,"Arni University, Kangra ",Himachal pradesh,,
561,Bahra University ,Himachal pradesh,,
562,Eternal University ,Himachal pradesh,,
563,Abhilashi University ,Himachal pradesh,,
564,IEC University Baddi ,Himachal pradesh,,
565,"University Institute of Information Technology, Himachal Pradesh ",Himachal pradesh,,
566,Career Point University ,Himachal pradesh,,
567,Sri Sai University ,Himachal pradesh,,
568,"Green Hills Engineering College, Solan ",Himachal pradesh,,
569,"Rajiv Gandhi govt. Engineering college -[RGGEC], Kangra ",Himachal pradesh,,
570,Indus International University ,Himachal pradesh,,
571,Jawaharlal Nehru Government Engineering College ,Himachal pradesh,,
572,Maharaja Agrasen University ,Himachal pradesh,,
573,"ICFAI University, Baddi ",Himachal pradesh,,
574,Himachal Institute of Engineering and Technology ,Himachal pradesh,,
575,"LR Institute of Engineering and Technology, Solan ",Himachal pradesh,,
576,"Himalayan Group of Professional Institutions, Sirmaur ",Himachal pradesh,,
577,Manav Bharti University ,Himachal pradesh,,
578,"Chitkara University, Solan ",Himachal pradesh,,
579,"Bells Institute of Management & Technology, Shimla ",Himachal pradesh,,
580,"Shiva Group of Institutions, Bilaspur ",Himachal pradesh,,
581,Mahatma Gandhi Government Engineering College ,Himachal pradesh,,
582,Shri Mata Vaishno Devi University ,Jammu,,
583,National Institute of Technology ,Jammu,,
584,Indian Institute of Technology ,Jammu,,
585,Government College of Engineering and Technology ,Jammu,,
586,Islamic University of Science and Technology ,Jammu,,
587,SSM College of Engineering and Technology ,Jammu,,
588,"Yogananda College of Engineering & Technology -[YCET], ",Jammu,,
589,"MBS College of Engineering and Technology, Jammu ",Jammu,,
590,Sher-e-Kashmir University of Agricultural Sciences and Technology ,Jammu,,
591,"Government Degree College for Boys, Udhampur ",Jammu,,
592,Baba Ghulam Shah Badshah University ,Jammu,,
593,"Central University of Jammu, Jammu ",Jammu,,
594,Central University of Kashmir ,Jammu,,
595,University of Kashmir ,Jammu,,
596,"Govt. Gandhi Memorial Science College, Jammu ",Jammu,,
597,Kashmir Government Polytechnic ,Jammu,,
598,Cluster University of Srinagar ,Jammu,,
599,Bhargava College of Engineering & Technology ,Jammu,,
600,"Government Polytechnic College -[GPC], Anantnag ",Jammu,,
601,"Masterpro Institute of Technology, Srinagar ",Jammu,,
602,"Kite Polytechnic College, Budgam ",Jammu,,
603,"Government Polytechnic Kargil, Kargil ",Jammu,,
604,"Government Polytechnic College, Baramulla ",Jammu,,
605,Government Polytechnic College ,Jammu,,
606,"Government Polytechnic For Women-[GPW], Jammu ",Jammu,,
607,"Government Polytechnic College, Bandipora ",Jammu,,
608,"Government Polytechnic, Kulgam ",Jammu,,
609,"Government Polytechnic College, Budgam ",Jammu,,
610,"Government Polytechnic College, Sopore ",Jammu,,
611,Panjab University ,Chandigarh,,
612,Punjab Engineering College University of Technology ,Chandigarh,,
613,"University Institute of Engineering, Chandigarh University ",Chandigarh,,
614,National Institute of Technical Teachers Training and ,Chandigarh,,
615,"University Institute of Engineering and Technology -[UIET], ",Chandigarh,,
616,Chandigarh College of Engineering and Technology ,Chandigarh,,
617,Apex Institute of Technology ,Chandigarh,,
618,"IITT Institutions, Chandigarh ",Chandigarh,,
619,Dr. S. S. Bhatnagar University Institute of ,Chandigarh,,
620,Swami Vivekanand Institute of Engineering & Technology ,Chandigarh,,
621,"Gurukul Vidyapeeth, Chandigarh ",Chandigarh,,
622,"Morph Academy, Chandigarh ",Chandigarh,,
623,Indo Swiss Training Centre ,Chandigarh,,
624,"Artex Informatic Solutions, Chandigarh ",Chandigarh,,
625,Swami Vivekanand Polytechnic College ,Chandigarh,,
626,"PG Government College for Girls, Chandigarh ",Chandigarh,,
627,Government Industrial Training Institute ,Chandigarh,,
628,Government Polytechnic for Women ,Chandigarh,,
629,"Longowal Polytechnic College, Chandigarh ",Chandigarh,,
630,"Universal Polytechnic College, Chandigarh ",Chandigarh,,
631,Swami Vivekanand Industrial Training Centre ,Chandigarh,,
632,Swami Vivekanand Group Of Institutes ,Chandigarh,,
633,National Institute of Technology ,Goa,,
634,Indian Institute of Technology ,Goa,,
635,Birla Institute of Technology and Science ,Goa,,
636,Goa College of Engineering ,Goa,,
637,"Padre Conceicao College of Engineering, Salcete ",Goa,,
638,National Centre for Antarctic and Ocean Research ,Goa,,
639,"Shree Rayeshwar Institute of Engineering and Information Technology, North Goa ",Goa,,
640,National Institute of Oceanography ,Goa,,
641,"Goa University, North Goa ",Goa,,
642,International Institute of Hotel Management ,Goa,,
643,"Government Polytechnic, Bicholim ",Goa,,
644,"Agnel Polytechnic, South Goa ",Goa,,
645,"Government Polytechnic, Curchorem ",Goa,,
646,Government Polytechnic ,Goa,,
647,North Eastern Regional Institute of Science and Technology ,Arunachal pradesh,,
648,National Institute of Technology ,Arunachal pradesh,,
649,"Arunodaya University, Itanagar ",Arunachal pradesh,,
650,Himalayan University ,Arunachal pradesh,,
651,Apex Professional University ,Arunachal pradesh,,
652,Rajiv Gandhi University ,Arunachal pradesh,,
653,Arunachal University of Studies ,Arunachal pradesh,,
654,North East Frontier Technical University ,Arunachal pradesh,,
655,Venkateshwara Open University ,Arunachal pradesh,,
656,"Tomi Polytechnic College, Basar ",Arunachal pradesh,,
657,"Government Polytechnic Laying, Itanagar ",Arunachal pradesh,,
658,"Government Polytechnic Roing, Roing ",Arunachal pradesh,,
659,Government Polytechnic ,Arunachal pradesh,,
660,Rajiv Gandhi Government Polytechnic ,Arunachal pradesh,,
661,"The Global University, Itanagar ",Arunachal pradesh,,
662,National Institute of Technology ,Meghalaya,,
663,"CMJ University, Ri-Bhoi ",Meghalaya,,
664,North-Eastern Hill University ,Meghalaya,,
665,William Carey University ,Meghalaya,,
666,Mahatma Gandhi University ,Meghalaya,,
667,"MIT University, Shillong ",Meghalaya,,
668,Regional Institute of Science and Technolog ,Meghalaya,,
669,"Tura Polytechnic College, Tura ",Meghalaya,,
670,"Shillong Polytechnic, Mawlai ",Meghalaya,,
671,"Jowai Polytechnic, Jowai ",Meghalaya,,
672,National Institute of Technology ,Nagaland,,
673,"St.Joseph University, Dimapur ",Nagaland,,
674,"Nagaland University, Zunhebotto ",Nagaland,,
675,The Global Open University ,Nagaland,,
676,"Government Polytechnic, Kohima ",Nagaland,,
677,"Khelhoshe Polytechnic Atoizu[KPA], Kohima ",Nagaland,,
678,"Government Polytechnic Seithekema C, Dimapur ",Nagaland,,
679,Government Polytechnic Tsunazho ,Nagaland,,
680,"Government Polytechnic Sedem, Tuensang ",Nagaland,,
681,"Institute of Communication and Information Technology, Kohima ",Nagaland,,
682,Pondicherry Engineering College ,Puducherry,,
683,National Institute of Technology ,Puducherry,,
684,Manakula Vinayagar Institute of Technology ,Puducherry,,
685,"Sri Manakula Vinayagar Engineering College, Pondicherry ",Puducherry,,
686,"Rajiv Gandhi College of Engineering and Technology, Pondicherry ",Puducherry,,
687,"Christ College of Engineering and Technology, Pondicherry ",Puducherry,,
688,Perunthalaivar Kamarajar Institute of Engineering and Technology ,Puducherry,,
689,Achariya College of Engineering Technology ,Puducherry,,
690,"Regency Institute of Technology, Yanam ",Puducherry,,
691,Bharathiyar College of Engineering and Technology ,Puducherry,,
692,"PSV College of Engineering and Technology, Pondicherry ",Puducherry,,
693,Christ Institute of Technology ,Puducherry,,
694,R V S College of Engineering and Technology ,Puducherry,,
695,"Alpha College of Engineering & Technology, Pondicherry ",Puducherry,,
696,Pondicherry University ,Puducherry,,
697,"Sri Chakra Maritime College, Pondicherry ",Puducherry,,
698,"Motilal Nehru Government Polytechnic College, Pondicherry ",Puducherry,,
699,Karaikal Polytechnic College ,Puducherry,,
700,Dr. B. R. Ambedkar Polytechnic College ,Puducherry,,
701,Indira Gandhi Polytechnic College ,Puducherry,,
702,"Sri Manakula Vinayagar Polytechnic College-[SMVPC], Pondicherry ",Puducherry,,
703,Women’s Polytechnic College ,Puducherry,,
704,National Institute of Technology ,Tripura,,
705,"ICFAI University, West Tripura ",Tripura,,
706,Indian Institute of Information Technology ,Tripura,,
707,"Tripura Institute of Technology, Agartala ",Tripura,,
708,Techno College of Engineering Agartala ,Tripura,,
709,"Tripura University, West Tripura ",Tripura,,
710,"TTAADC Polytechnic Institute, West Tripura ",Tripura,,
711,Sikkim Manipal University ,Sikkim,,
712,National Institute of Technology ,Sikkim,,
713,"SRM University Sikkim, Gangtok ",Sikkim,,
714,Vinayaka Missions Sikkim University ,Sikkim,,
715,College of Agricultural Engineering and Post Harvest Technology ,Sikkim,,
716,National Institute of Technology ,Manipur,,
717,Indian Institute of Information Technology ,Manipur,,
718,Manipur Institute of Technology ,Manipur,,
719,Manipur Technical University ,Manipur,,
720,Central Agricultural University ,Manipur,,
721,Manipur University ,Manipur,,
722,"Government Polytechnic, Imphal ",Manipur,,
723,"Bir Tikendrajit University, Imphal ",Manipur,,
724,National Institute of Technology ,Mizoram,,
725,"Mizoram University, School of Engineering and Technology ",Mizoram,,
726,"Mizoram Polytechnic, Lunglei ",Mizoram,,
727,Mizoram University ,Mizoram,,
728,National Institute of Electronics & Information Technology ,Mizoram,,
729,"Dr. B R Ambedkar Institute of Technology, Port Blair ",Andaman,,
730,"Plastindia International University, Dadra & Nagar Haveli ",Dadra,,
731,"Government Polytechnic, Daman ",Daman,,
